[
  {
    "firstName": "Adria",
    "lastName": "Mcquire",
    "phone": "+123/1234567890"
  },
  {
    "firstName": "Aimee",
    "lastName": "Ochoa",
    "phone": "+123/1234567890"
  },
  {
    "firstName": "Alberto",
    "lastName": "Korda"
  },
  {
    "firstName": "Alica",
    "lastName": "Lacher",
    "phone": "+34/30339769"
  },
  {
    "firstName": "Allyson",
    "lastName": "Gayman",
    "phone": "+123/12347890"
  },
  {
    "firstName": "Amparo",
    "lastName": "Goers",
    "phone": "+34/445454544"
  },
  {
    "firstName": "Annabelle",
    "lastName": "Nimmo",
    "phone": "+123/123554890"
  },
  {
    "firstName": "Antonetta",
    "lastName": "Gano",
    "phone": "+123/1234567890"
  },
  {
    "firstName": "Antonietta",
    "lastName": "Reza",
    "phone": "+123/1234567890"
  },
  {
    "firstName": "Aurora",
    "lastName": "Broadhurst",
    "phone": "+123/1234567890"
  },
  {
    "firstName": "Azucena",
    "lastName": "Stclaire",
    "phone": "+123/1234567890"
  },
  {
    "firstName": "Benjamin",
    "lastName": "Lindblad",
    "phone": "+123/1234567890"
  },
  {
    "firstName": "Betsey",
    "lastName": "Oconner",
    "phone": "+123/12347890"
  },
  {
    "firstName": "Beula",
    "lastName": "Zendejas",
    "phone": "+123/1234567890"
  },
  {
    "firstName": "Beverley",
    "lastName": "Kirby",
    "phone": "+123/1234567890"
  },
  {
    "firstName": "Bong",
    "lastName": "Mungin",
    "phone": "+44/62124684"
  },
  {
    "firstName": "Bunny",
    "lastName": "Nolan",
    "phone": "+44/90645070"
  },
  {
    "firstName": "Camaru",
    "lastName": "Kolya",
    "phone": "+44/90645070"
  },
  {
    "firstName": "Carolee",
    "lastName": "Kuder",
    "phone": "+123/123485590"
  },
  {
    "firstName": "Cheri",
    "lastName": "Regina",
    "phone": "+123/1234567890"
  },
  {
    "firstName": "China",
    "lastName": "Horsey",
    "phone": "+123/1234567890"
  },
  {
    "firstName": "Cristopher",
    "lastName": "Brinkerhoff",
    "phone": "+123/1234567890"
  },
  {
    "firstName": "Dani",
    "lastName": "Vanness",
    "phone": "+123/12367890"
  },
  {
    "firstName": "Danny",
    "lastName": "Nethery",
    "phone": "+123/12347890"
  },
  {
    "firstName": "Dante",
    "lastName": "Ketter",
    "phone": "+123/126755890"
  },
  {
    "firstName": "Deetta",
    "lastName": "Beausoleil",
    "phone": "+123/1234567890"
  },
  {
    "firstName": "Delorse",
    "lastName": "Bunge",
    "phone": "+44/90645070"
  },
  {
    "firstName": "Delta",
    "lastName": "Tiano",
    "phone": "+44/90645070"
  },
  {
    "firstName": "Denisha",
    "lastName": "Gatton",
    "phone": "+123/1234567890"
  },
  {
    "firstName": "Dinah",
    "lastName": "Mckenney",
    "phone": "+123/123456567"
  },
  {
    "firstName": "Federico",
    "lastName": "Arceo",
    "phone": "+123/1234567890"
  },
  {
    "firstName": "Fidel",
    "lastName": "Sato",
    "phone": "+123/12367890"
  },
  {
    "firstName": "Freeda",
    "lastName": "Casimir",
    "phone": "+123/126722890"
  },
  {
    "firstName": "Freeman",
    "lastName": "Dalby",
    "phone": "+123/1234567890"
  },
  {
    "firstName": "Gaston",
    "lastName": "Mclees",
    "phone": "+123/1234567890"
  },
  {
    "firstName": "Gena",
    "lastName": "Gering",
    "phone": "+123/1234567890"
  },
  {
    "firstName": "Harley",
    "lastName": "Gerardo",
    "phone": "+123/1234567890"
  },
  {
    "firstName": "Heide",
    "lastName": "Plemmons",
    "phone": "+123/1234567890"
  },
  {
    "firstName": "Helena",
    "lastName": "Cahn",
    "phone": "+123/1234567890"
  },
  {
    "firstName": "Hungo",
    "lastName": "Poter",
    "phone": "+44/90645070"
  },
  {
    "firstName": "Jamie",
    "lastName": "Mauger",
    "phone": "+123/1234567890"
  },
  {
    "firstName": "Jared",
    "lastName": "Polin",
    "phone": "+1/12345678"
  },
  {
    "firstName": "Jay",
    "lastName": "Stanforth",
    "phone": "+123/1234567890"
  },
  {
    "firstName": "Jenna",
    "lastName": "Baize",
    "phone": "+123/1234567890"
  },
  {
    "firstName": "Joan",
    "lastName": "Fife",
    "phone": "+123/1234567890"
  },
  {
    "firstName": "Joane",
    "lastName": "Claflin",
    "phone": "+123/12347890"
  },
  {
    "firstName": "Johnathan",
    "lastName": "Vazguez",
    "phone": "+123/12345677"
  },
  {
    "firstName": "Joshua",
    "lastName": "Nolley",
    "phone": "+123/12367890"
  },
  {
    "firstName": "Keely",
    "lastName": "Futrell",
    "phone": "+123/1234567890"
  },
  {
    "firstName": "Kirstin",
    "lastName": "Whidbee",
    "phone": "+123/1234567890"
  },
  {
    "firstName": "Krystin",
    "lastName": "Lindstedt",
    "phone": "+123/1234567890"
  },
  {
    "firstName": "Lajuana",
    "lastName": "Mcclean",
    "phone": "+123/1234567890"
  },
  {
    "firstName": "Leon",
    "lastName": "Recio",
    "phone": "+44/90645070"
  },
  {
    "firstName": "Leontine",
    "lastName": "Breitenbach",
    "phone": "+123/1234567890"
  },
  {
    "firstName": "Leota",
    "lastName": "Eastep",
    "phone": "+123/1234567890"
  },
  {
    "firstName": "Luciano",
    "lastName": "Brisker",
    "phone": "+123/1234567890"
  },
  {
    "firstName": "Lucina",
    "lastName": "Jesse",
    "phone": "+123/1234567890"
  },
  {
    "firstName": "Lyle",
    "lastName": "Longworth",
    "phone": "+44/90645070"
  },
  {
    "firstName": "Margarita",
    "lastName": "Sollers",
    "phone": "+123/1234567890"
  },
  {
    "firstName": "Mckenzie",
    "lastName": "Monteiro",
    "phone": "+123/1234567890"
  },
  {
    "firstName": "Meggan",
    "lastName": "Danzy",
    "phone": "+123/12367890"
  },
  {
    "firstName": "Melodee",
    "lastName": "Shepler",
    "phone": "+123/1234567890"
  },
  {
    "firstName": "Nam",
    "lastName": "Dinkins",
    "phone": "+123/1234567890"
  },
  {
    "firstName": "Odis",
    "lastName": "Borne",
    "phone": "+44/90645070"
  },
  {
    "firstName": "Ola",
    "lastName": "Straw",
    "phone": "+123/123456789"
  },
  {
    "firstName": "Oma",
    "lastName": "Wechsler",
    "phone": "+123/1234567890"
  },
  {
    "firstName": "Opal",
    "lastName": "Blue",
    "phone": "+123/1234567890"
  },
  {
    "firstName": "Ralph",
    "lastName": "Rizer",
    "phone": "+123/1234567890"
  },
  {
    "firstName": "Rita",
    "lastName": "Bucklew",
    "phone": "+123/1234567890"
  },
  {
    "firstName": "Romona",
    "lastName": "Kumm",
    "phone": "+123/1234567890"
  },
  {
    "firstName": "Romona",
    "lastName": "Griffin",
    "phone": "+123/1234567890"
  },
  {
    "firstName": "Rosalba",
    "lastName": "Hane",
    "phone": "+12/122267890"
  },
  {
    "firstName": "Rosalie",
    "lastName": "Ragsdale",
    "phone": "+123/1234567890"
  },
  {
    "firstName": "Samuel",
    "lastName": "Fosso",
    "phone": "+33/12365673"
  },
  {
    "firstName": "Shannon",
    "lastName": "Clendenin",
    "phone": "+123/1234567890"
  },
  {
    "firstName": "Sharee",
    "lastName": "Rothchild",
    "phone": "+123/1234567890"
  },
  {
    "firstName": "Shiloh",
    "lastName": "Heckert",
    "phone": "+123/1234567890"
  },
  {
    "firstName": "Shon",
    "lastName": "Bjerke",
    "phone": "+123/1234567890"
  },
  {
    "firstName": "Stephaine",
    "lastName": "Smidt",
    "phone": "+123/12367890"
  },
  {
    "firstName": "Stephnie",
    "lastName": "Arciniega",
    "phone": "+123/1234567890"
  },
  {
    "firstName": "Talitha",
    "lastName": "Jong",
    "phone": "+123/1234567890"
  },
  {
    "firstName": "Tashia",
    "lastName": "Lunsford",
    "phone": "+123/123456799"
  },
  {
    "firstName": "Tu",
    "lastName": "Aslinger",
    "phone": "+123/1234567890"
  },
  {
    "firstName": "Turla",
    "lastName": "Cowger",
    "phone": "+44/90645070"
  },
  {
    "firstName": "Valery",
    "lastName": "Pickens",
    "phone": "+123/1234567890"
  },
  {
    "firstName": "Wendy",
    "lastName": "Ellwood",
    "phone": "+123/1234567890"
  },
  {
    "firstName": "Wilfredo",
    "lastName": "Finnegan",
    "phone": "+123/12347890"
  },
  {
    "firstName": "Yan",
    "lastName": "Greenidge",
    "phone": "+44/90645070"
  }
]